File Path,Line Count,Status,Category,Notes
README.md,294,Complete,Root,"Comprehensive with status indicators added"
todo.md,24,Complete,Root,"Active TODO tracking"
docs/fundamentals/song-structure.md,248,Complete,Fundamentals,"Well-structured guide to song components"
docs/fundamentals/music-terms.md,100,Complete,Fundamentals,"Good overview of music terminology"
docs/fundamentals/beats-and-rhythms.md,346,Complete,Fundamentals,"Comprehensive including trap paradox"
docs/fundamentals/music-terms/sound-elements/melody.md,21,Incomplete,Fundamentals,"Basic definition, needs examples"
docs/fundamentals/music-terms/sound-elements/harmony.md,21,Incomplete,Fundamentals,"Basic definition, needs examples"
docs/fundamentals/music-terms/sound-elements/rhythm.md,21,Incomplete,Fundamentals,"Basic definition, needs examples"
docs/fundamentals/music-terms/sound-elements/tempo.md,23,Incomplete,Fundamentals,"Basic definition, needs examples"
docs/fundamentals/music-terms/sound-elements/timbre.md,25,Incomplete,Fundamentals,"Basic definition, needs examples"
docs/fundamentals/music-terms/musical-techniques/cadence.md,17,Incomplete,Fundamentals,"Very brief, needs expansion"
docs/fundamentals/music-terms/musical-techniques/dynamics.md,22,Incomplete,Fundamentals,"Very brief, needs expansion"
docs/fundamentals/music-terms/sound-effect-textures/reverb.md,19,Incomplete,Fundamentals,"Basic info, needs examples"
docs/fundamentals/music-terms/sound-effect-textures/distortion.md,21,Incomplete,Fundamentals,"Basic info, needs examples"
docs/fundamentals/music-terms/sound-effect-textures/staccato.md,18,Incomplete,Fundamentals,"Basic info, needs examples"
docs/fundamentals/music-terms/sound-effect-textures/legato.md,15,Incomplete,Fundamentals,"Basic info, needs examples"
docs/fundamentals/music-terms/sound-effect-textures/syncopation.md,21,Incomplete,Fundamentals,"Basic info, needs examples"
docs/fundamentals/music-terms/sound-effect-textures/crescendo-dimuendo.md,18,Incomplete,Fundamentals,"Basic info, needs examples"
docs/fundamentals/music-terms/sound-effect-textures/arpeggio-chords.md,31,Incomplete,Fundamentals,"Slightly better content, still needs expansion"
docs/sound-design/diy-recording.md,0,Empty,Sound Design,"Placeholder file, no content"
docs/sound-design/processing-sounds.md,0,Empty,Sound Design,"Placeholder file, no content"
docs/sound-design/integration-methods.md,0,Empty,Sound Design,"Placeholder file, no content"
docs/platforms/suno.md,189,Complete,Platform Guides,"Excellent comprehensive guide with credits, settings, quirks"
docs/platforms/suno-tags.md,677,Complete,Platform Guides,"Outstanding reference with 100+ instruments, all tag types documented"
docs/platforms/udio.md,0,Empty,Platform Guides,"Placeholder only"
docs/platforms/producer-ai.md,0,Empty,Platform Guides,"Placeholder only"
docs/platform-comparison.md,342,Skeleton,Platform Guides,"NEW: Comprehensive skeleton structure ready for content"
docs/prompting/prompt-guide.md,5,Incomplete,Prompting,"Only 5 lines, needs major expansion"
docs/prompting/music-prompting-deep-research.md,232,Complete,Prompting,"Research-backed prompting techniques"
docs/prompt-templates.md,710,Skeleton,Prompting,"NEW: Excellent skeleton with template examples, needs testing/completion"
docs/troubleshooting.md,268,Skeleton,Resources,"NEW: Comprehensive structure, content placeholders marked as TODO"
docs/faq.md,273,Skeleton,Resources,"NEW: Well-structured Q&A format, answers marked as TODO"
docs/version-tracking.md,305,Skeleton,Resources,"NEW: Good framework for tracking platform updates"
docs/community-examples.md,375,Skeleton,Resources,"NEW: Submission-ready structure, awaiting community contributions"
samples/beats/trap.md,288,Complete,Samples,"Exceptional: comprehensive guide with tempo paradox, examples, common mistakes"
samples/beats/4-on-floor.md,0,Empty,Samples,"No content"
samples/beats/boom-bap.md,0,Empty,Samples,"No content"
samples/beats/breakbeat.md,0,Empty,Samples,"No content"
samples/beats/waltz.md,0,Empty,Samples,"No content"
samples/beats/shuffle.md,0,Empty,Samples,"No content"
samples/beats/polyrhythm.md,0,Empty,Samples,"No content"
samples/tempo/slow-tempo.md,5,Incomplete,Samples,"Link only, no prompt/analysis"
samples/tempo/moderate-pace.md,5,Incomplete,Samples,"Link only, no prompt/analysis"
samples/tempo/uptempo.md,4,Incomplete,Samples,"Link only, no prompt/analysis"
samples/melodies/simple-melodic-line.md,4,Incomplete,Samples,"Link only, no prompt/analysis"
samples/melodies/catchy-melody.md,5,Incomplete,Samples,"Link only, no prompt/analysis"
samples/melodies/complex-melodic-runs.md,5,Incomplete,Samples,"Link only, no prompt/analysis"
samples/harmonies/minimal-harmonies.md,5,Incomplete,Samples,"Link only, no prompt/analysis"
samples/harmonies/rich-harmonies.md,5,Incomplete,Samples,"Link only, no prompt/analysis"
samples/harmonies/tight-vocal-harmonies.md,5,Incomplete,Samples,"Link only, no prompt/analysis"
samples/rhythm/steady-rhythm.md,5,Incomplete,Samples,"Link only, no prompt/analysis"
samples/rhythm/driving-rhythm.md,5,Incomplete,Samples,"Link only, no prompt/analysis"
samples/rhythm/syncopated-rhythm.md,5,Incomplete,Samples,"Link only, no prompt/analysis"
samples/timbre/warm-acoustic-guitar.md,5,Incomplete,Samples,"Link only, no prompt/analysis"
samples/timbre/bright-synth-leads.md,5,Incomplete,Samples,"Link only, no prompt/analysis"
samples/timbre/dark-brooding-bass.md,5,Incomplete,Samples,"Link only, no prompt/analysis"
samples/dynamics/soft-and-intimate.md,5,Incomplete,Samples,"Link only, no prompt/analysis"
samples/dynamics/quiet-verse-explosive-chorus.md,5,Incomplete,Samples,"Link only, no prompt/analysis"
samples/dynamics/gradual-build.md,5,Incomplete,Samples,"Link only, no prompt/analysis"
samples/cadence/definitive-ending.md,5,Incomplete,Samples,"Link only, no prompt/analysis"
samples/cadence/unresolved-ending.md,5,Incomplete,Samples,"Link only, no prompt/analysis"
samples/vocals/acapella.md,0,Empty,Samples,"No content"
samples/samples-to-add.md,4,Complete,Samples,"Planning doc - appropriate length"
research/suno_bar_timing_research_report.md,432,Complete,Research,"Excellent comprehensive research study"
research/suno_bar_timing_test_methodology.md,172,Complete,Research,"Detailed methodology documentation"
research/suno_bar_timing_test_quick.md,199,Complete,Research,"Quick reference test documentation"
research/controlling_ai_music_generation_timing.md,1453,Complete,Research,"Extensive research documentation"
prompt-experiments/shattered-sky.md,66,Complete,Experiments,"Experimental prompt documentation"
